question,hint
Tell me a little about yourself.,"Because this is often the opening question, keep your answer brief and focused. Discuss four main topics: Early Years, Education, Work History, Recent Career Experience."
What can you do for us that someone else can't?,"Highlight your unique skills and accomplishments. Mention specific achievements from your resume and how your skills, combined with your experience, make you valuable."
Why should we hire you?,"Discuss your ability, experience, and enthusiasm for the role. Relate your answer to the company's needs and how you can meet them."
What do you look for in a job?,Focus on opportunities for growth and achievement rather than personal security. Mention your desire to contribute and be recognized.
How long would it take you to make a meaningful contribution?,"Be realistic and mention that while you can meet immediate demands quickly, it might take six months to a year to fully understand the company and make a major contribution."
Can you work under pressure and deal with deadlines?,Provide examples from past experiences where you successfully handled pressure and met deadlines.
What are your strengths?,List at least three strengths with concrete examples. Relate your strengths to the job you are applying for.
What are your weaknesses?,Be honest but frame your weakness as a strength carried too far. Discuss how you are working to improve.
Describe a challenging project you worked on.,"Explain the challenge, your approach, and the outcome. Highlight your problem-solving skills and teamwork."
How do you stay updated with the latest technology trends?,"Discuss your methods for staying current, such as following tech blogs, attending conferences, or taking online courses."
How do you prioritize tasks in a project?,Mention methods like the Eisenhower Matrix or agile methodologies. Discuss the importance of prioritizing based on urgency and impact.
How do you handle conflicts in a team?,Provide examples of past conflicts and how you resolved them. Emphasize communication and finding common ground.
How would you improve our product/service?,Show that you've done your research on the company. Offer constructive feedback and specific suggestions for improvement.
What is your experience with [specific technology or tool]?,"Discuss your level of expertise, relevant projects, and any training or certifications you have."
Why do you want to work for our company?,"Mention specific aspects of the company that attract you, such as its culture, products, or reputation."
Where do you see yourself in five years?,Discuss your career goals and how the position aligns with them. Show ambition but also realism.
How do you handle constructive criticism?,Provide an example of a time you received constructive criticism and how you used it to improve.
Can you describe your ideal work environment?,"Discuss factors like team collaboration, company culture, and opportunities for growth."
How do you approach learning new technologies?,"Explain your learning process, such as self-study, online courses, or hands-on experimentation."
Have you ever failed in a project? How did you handle it?,Be honest about the failure and discuss what you learned from the experience.
How do you ensure the quality of your work?,"Mention techniques like code reviews, testing, and using version control systems."
Can you explain a complex technical concept to a non-technical person?,Choose a specific example and simplify it. Use analogies and avoid jargon.
What do you consider your greatest achievement?,Choose an achievement that showcases your skills and aligns with the job you're applying for.
How do you handle tight deadlines?,Discuss time management strategies and how you prioritize tasks under pressure.
What are your salary expectations?,Avoid giving a specific number too early. Mention that you're flexible and willing to discuss it later in the process.
How do you handle multiple projects simultaneously?,"Discuss your organization and time management skills. Mention tools you use, like project management software."
What motivates you?,"Discuss what drives you in your career, such as problem-solving, continuous learning, or helping others."
How do you keep your skills current?,"Mention activities like attending workshops, participating in webinars, or contributing to open-source projects."
Describe a time you had to learn something quickly.,"Provide an example, detailing how you approached the learning process and the outcome."
How do you handle ambiguous situations?,"Discuss your approach to uncertainty, such as seeking clarification, researching, and making informed decisions."
What makes you passionate about technology?,Share personal stories or experiences that ignited your passion for the field.
How do you handle working with difficult team members?,"Emphasize communication, empathy, and finding common ground."
What are your long-term career goals?,Discuss your aspirations and how the current position fits into your career path.
How do you ensure effective communication within a team?,"Mention tools and strategies like regular meetings, clear documentation, and open channels for feedback."
Can you describe a time you went above and beyond in your role?,Provide an example that showcases your dedication and initiative.
How do you handle repetitive tasks?,Discuss your strategies for staying motivated and ensuring high-quality work.
What do you know about our company?,"Mention specific facts about the company's history, products, and market position."
How do you approach troubleshooting issues?,Discuss your systematic approach to diagnosing and resolving technical problems.
Describe a time when you had to adapt to a significant change.,Provide an example and highlight your flexibility and resilience.
What is your greatest strength?,Choose a strength relevant to the job and provide examples of how it has benefited your work.
What is your greatest weakness?,Choose a weakness and explain how you're working to improve it.
Why are you leaving your current job?,Be honest but tactful. Focus on positive reasons for wanting to join the new company.
What do you do when you don't know how to solve a problem?,"Discuss your approach to problem-solving, including researching, seeking help, and testing solutions."
How do you prioritize learning new skills?,Explain how you identify skills that are most relevant and beneficial to your career.
Describe a time when you received unexpected feedback.,Provide an example and explain how you handled the feedback constructively.
What do you enjoy most about your current role?,Discuss specific aspects of your job that you find fulfilling and enjoyable.
How do you manage stress?,"Mention techniques like time management, exercise, and maintaining a work-life balance."
What are your favorite technologies or tools?,Discuss tools you're proficient with and why you enjoy using them.
How do you handle constructive criticism?,Provide an example of a time you received constructive criticism and how you used it to improve.
What would you do if you disagreed with a team member on a project?,"Discuss your approach to resolving disagreements, emphasizing open communication and compromise."
